Molecule,Molecular Weight,LogP
CC(C)CCN1c2nc(Nc3cc([18F])c(O)c([18F])c3)ncc2N(C)C(=O)[C@H]1C,389.42787600000014,3.421400000000002
CN1CCc2cc(Nc3ncc(C([18F])([18F])[18F])c(NCc4cc[nH]n4)n3)ccc2C1,400.4208140000003,3.562100000000002
COc1cc(C(C)=O)ccc1OCCCN1CCC(c2noc3cc([18F])ccc23)CC1,425.4909380000002,4.826600000000004
